no,class
46,sports.wwe
47,entertainment.hindi.bollywood
48,india
49,city.bengaluru
50,city.patna
51,business.india-business
52,entertainment.english.hollywood
53,city.delhi
54,edit-page
55,sports.cricket.india-domestic.ranji-trophy
56,sports.football
57,only-in-america
58,city.ahmedabad
59,jugular-vein
60,swaminomics
61,city.thiruvananthapuram
62,city.pune
63,home.science
64,city.mumbai
65,city.chandigarh
66,city.lucknow
67,city.kolkata
68,city.hyderabad
69,cricket
70,business.international-business
71,city
72,removed
73,home.sunday-times.deep-focus
74,bombay-times
75,home.sunday-times.all-that-matters
76,home.education
77,pune-times
78,calcutta-times
79,hyderabad-times
80,bangalore-times
81,delhi-times
82,lucknow-times
83,ahmedabad-times
84,citizens-grievances
85,anti-terror-law
86,hyderabad.local-sports
87,sports.cricket.sri-lanka-in-india
88,sports.hockey
89,blogs
90,home.sunday-times
91,food-facts
92,recipes
93,business
94,ayodhya-imbroglio
95,afghan-children
96,astrology.horoscope
97,world.us
98,world.middle-east
99,gadgets-news
100,sports.off-the-field
101,world.europe
102,city.chennai
103,world.china
104,world.pakistan
105,life-style.events
106,sino-indian-ties
107,news
108,analysis
109,interviews
110,sports.icc-world-cup-2015
111,tech.tech-news
112,ambani
113,ahmedabad-events
114,tendulkar
115,pms-us-visit
116,life-style.relationships.man-woman
117,sports.tennis
118,sports.badminton
119,world.south-asia
120,business.mf-simplified.mf-news
121,tech.mobiles
122,tech.more-gadgets
123,world.rest-of-world
124,life-style.food.recipes
125,life-style.home-garden
126,nri.community
127,tech.computing
128,city.bareilly
129,life-style.beauty
130,tech.social
131,tech.pcs
132,all-colour-edition
133,columbia-crash
134,war-on-iraq.news
135,war-on-iraq.opinion
136,talk-radio
137,sars-scare.news
138,life-style.health-fitness.health
139,videos
140,indo-pak-monitor.news
141,pm-on-europe-tour.news
142,sports.new-zealand-in-india-2016.interviews
143,advanis-us-visit
144,pm-on-china-visit.news
145,sports.new-zealand-in-india-2016
146,delhi
147,chhattisgarh
148,rajasthan
149,madhya-pradesh
150,pakistan-postcard
151,young-india-votes.talking-point
152,young-india-votes.deep-focus
153,nrs-2003
154,sports.cricket.england-in-australia
155,world
156,sports.cricket.news
157,sports.cricket.india-in-south-africa
158,sports.cricket.ipl
159,world.uk
160,sports.football.indian-super-league
161,sports.more-sports.others
162,young-india-votes.from-the-states
163,young-india-votes.aaj-ka-neta
164,young-india-votes.news
165,iim-fee-row
166,city.aurangabad
167,life-style.fashion.celeb-style
168,sports.cricket.west-indies-in-new-zealand
169,young-india-votes.gallup-poll
170,venus-transit
171,tech.it-services
172,birla-will-saga
173,iraq-hostage-drama
174,mumbai
175,pune
176,bangalore
177,hyderabad
178,tv.news.hindi
179,baroda
180,entertainment
181,sports.football.i-league
182,sports.football.epl
183,life-style.health-fitness.fitness
184,life-style.books.features
185,bachi-karkaria.erratica
186,sa-aiyar.swaminomics
187,gurcharan-das.men-ideas
188,jug-suraiya.jugular-vein
189,formula-one
190,sports.golf
191,top-stories
192,top-headlines
193,chidanand-rajghatta.indiaspora
194,shobhaa-de.politically-incorrect
195,entertainment.hindi.music.news
196,entertainment.events.kolkata
197,friendship-day
198,tech.jobs
199,entertainment.hindi.movie-review
200,new-test-audio
201,entertainment.english.movie-review
202,city.nagpur
203,editorialt
204,comunistst
205,shashi-tharoor.shashi-on-sunday
206,life-style.health-fitness.health-news
207,life-style.food.food-reviews
208,gadgets-special
209,shop
210,life-style.fashion.shows
211,life-style.fashion.trends
212,life-style.fashion.designers
213,chidanand-rajghatta.desiderata
214,tech.how-to
215,sports
216,specials
217,indians-abroad
218,ad-links
219,movie-reviews
220,leisure
221,heads-and-tales
222,also-read
223,special-coverage.other-specials
224,missile-game
225,pune-pluses
226,mumbai-pluses
227,delhi-ncr-pluses
228,twin-city-pluses
229,nagpur-pluses
230,tech
231,goa-plus
232,madras-plus
233,gujarat-pluses
234,north-east-pluses
235,up-pluses
236,maharashtra-pluses
237,speak-out
238,nagpur-times
239,mp-pluses
240,west-bengal-pluses
241,tarun-vijay.the-right-view
242,actresses
243,history
244,entertainment.hindi.music.music-reviews
245,world.mad-mad-world
246,entertainment.tamil.movies.previews
247,entertainment.telugu.movies.previews
248,business.personal-finance
249,entertainment.tamil.movie-reviews
250,others.previews
251,entertainment.kannada.movies.previews
252,other-racing.a1-gp
253,entertainment.bengali.movie-reviews
254,first-look
255,entertainment.kannada.movie-reviews
256,entertainment.events.bangalore
257,entertainment.events.others
258,entertainment.events.delhi
259,entertainment.events
260,entertainment.events.hyderabad
261,entertainment.events.mumbai
262,swapan-dasgupta.right-wrong
263,auto
264,sports.ipl-2015.news
265,sports.nba
266,sports.boxing
267,tech.reviews
268,city.bhopal
269,home.environment.global-warming
270,home.environment.developmental-issues
271,home.environment.flora-fauna
272,home.environment.wild-wacky
273,home.environment.pollution
274,home.environment.the-good-earth
275,city.vadodara
276,tech.gaming
277,jug-suraiya.second-opinion
278,life-style
279,other-racing.others
280,life-style.relationships.parenting
281,life-style.relationships.work
282,entertainment.events.chennai
283,vinita-dawra-nangia
284,city.jaipur
285,election-2008
286,city.goa
287,entertainment.events.goa
288,matches-results
289,photos
290,teams
291,santosh-desai.city-city-bang-bang
292,features
293,text-after-pic
294,stories
295,sports.tennis.interviews
296,subverse
297,sports.more-sports.shooting
298,sports.more-sports.snooker.billiards
299,sports.golf.interviews
300,olympics
301,sports.football.interviews
302,life-style.health-fitness.diet
303,young-turks
304,indias-vision
305,trivia
306,stars-speak
307,sports.more-sports.athletics
308,hot-on-the-web
309,sports.more-sports.wrestling
310,thirupuram
311,past-winners
312,player-profile
313,players-to-watch
314,players-profiles
315,jaipur
316,kolkata
317,nagpur
318,ahmedabad
319,chandigarh
320,goa
321,arsenal
322,everton
323,liverpool
324,bolton-wanderers
325,manchester-united
326,manchester-city
327,stoke-city
328,newcastle-united
329,chelsea
330,fulham
331,aston-villa
332,blackburn-rovers
333,sports.headline2
334,sports.headline3
335,sports.headline4
336,sports.headline5
337,sunderland
338,tottenham-hotspur
339,west-bromwich-albion
340,sports.football.epl.past-winners
341,mj-akbar.the-siege-within
342,wigan-athletic
343,advisory
344,sports.headline1
345,other-racing.moto-gp
346,sports.more-sports.cycling
347,bobilli-vijay-kumar
348,circuits.formula-one
349,more-stories
350,news.hardware
351,regional.tamil
352,entertainment.telugu.movie-reviews
353,city.thane
354,2008-in-pictures
355,top-news-of-2008
356,top-videos
357,2011-top-stories
358,sports.tennis.international-premier-tennis-league
359,city.hubballi
360,city.mangaluru
361,city.mysuru
362,city.rajkot
363,city.surat
364,city.kanpur
365,city.varanasi
366,city.allahabad
367,city.ludhiana
368,indian-challenges
369,regional
370,life-style.specials
371,city.guwahati
372,entertainment.tamil.movies.news
373,others.news-interviews
374,regional.kannada
375,entertainment.kannada.movies.news
376,young-guns
377,city.bhubaneswar
378,entertainment.bengali.movies.news
379,city.ranchi
380,quote-of-the-day
381,complete-results-2009
382,star-candidates
383,did-you-know
384,campaign-trail
385,reporters-diary
386,party-manifestos
387,drivers
388,entertainment.telugu.movies.news
389,rupee-symbol-survey
390,people
391,venues
392,spirituality
393,off-the-field
394,sports.headline6
395,schedule
396,life-style.people
397,schedule-results
398,travel
399,speaking-tree
400,life-style.fashion.specials
401,silver-jubilee
402,life-style.debate
403,indian-challenge
404,life-style.health-fitness
405,entertainment.movies
406,scorecard-and-statistics
407,life-style.food.drinks-corner
408,life-style.food.specials
409,entertainment.marathi.movie-reviews
410,news-features
411,teams-profile
412,punjab
413,sports.chess
414,sports.racing
415,life-style.spotlight
416,life-style.relationships.specials
417,life-style.health-fitness.specials
418,world-cup-venues
419,other-top-stories
420,2010-stars
421,teams-players
422,queens-baton-relay
423,home.environment
424,cwg-history
425,sports.football.epl.interviews
426,entertainment.hindi.top-10
427,india-hopes
428,cwg-stars
429,india-news
430,apply-for
431,lodge-a-complaint
432,certificates
433,miscellaneous
434,city.gurgaon
435,entertainment.hindi.music.music-events
436,india-challenges
437,entertainment.beauty-pageants.news
438,entertainment.bengali.movies.previews
439,down-memory-lane
440,entertainment.hindi.music.singer-of-the-week
441,profiles.india-profiles
442,assembly-elections-2011.kerala
443,city.coimbatore
444,pre-budget-2011
445,union-budget-2011
446,rail-budget-2011
447,economic-survey-2011
448,assembly-elections-2011.assam
449,assembly-elections-2011.west-bengal
450,assembly-elections-2011.tamil-nadu
451,assembly-elections-2011.puducherry
452,assembly-elections-2011.assembly-elections-results
453,rail-budget
454,top-news-of-2011
455,mahavir-jayanti.mahavir-jayanti-stories
456,city.noida
457,entertainment.hindi.music.music-videos
458,sports.nba.off-the-court
459,home
460,world-no-tobacco-day.no-tobacco-day-stories
461,world-environment-day.world-environment-day-stories
462,life-style.books
463,fathers-day.fathers-day-stories
464,life-style.fashion.style-guide
465,raksha-bandhan.rakhi-stories
466,city.madurai
467,city.indore
468,janmashtami.janmashtami-stories
469,city.kochi
470,city.kozhikode
471,ganesh-chaturthi
472,teachers-day
473,onam
474,world-heart-day
475,sports.racing.interviews
476,dos
477,donts
478,gandhi-jayanti
479,durga-puja
480,entertainment.hindi.music
481,sports.racing.indian-gp
482,dussehra
483,diwali-rituals
484,sports.racing.tech-tonic
485,home.campaigns
486,diwali
487,guru-nanak-jayanti
488,childrens-day
489,pravasi-bhartiya-news
490,christmas
491,life-style.fashion
492,hay-festival
493,world-aids-day
494,muharram
495,audi-cars
496,bmw-cars
497,chevrolet-cars
498,honda-cars
499,hyundai-cars
500,mahindra-cars
501,delhis-century
502,times-quality-of-life-survey-
503,2011-top-slideshow
504,new-year
505,years-headline-makers
506,sports.nba.team-profiles
507,years-young-achievers
508,tech.apps
509,assembly-elections-2012.uttar-pradesh
510,assembly-elections-2012.manipur
511,assembly-elections-2012.goa
512,assembly-elections-2012.punjab
513,assembly-elections-2012.uttarakhand
514,life-style.food
515,lohri
516,gurgaon-shamed
517,city.nashik
518,republic-day
519,economic-survey
520,world-cancer-day
521,valentines-day
522,union-budget
523,pre-budget
524,others.parties
525,mahashivratri
526,international-womens-day
527,entertainment.malayalam.movie-reviews
528,entertainment.telugu.movies.did-you-know
529,entertainment.tamil.movies.did-you-know
530,entertainment.bengali.movies.did-you-know
531,entertainment.malayalam.movies.previews
532,entertainment.kannada.movies.did-you-know
533,entertainment.marathi.movies.news
534,entertainment.malayalam.movies.news
535,entertainment.punjabi.music
536,entertainment.punjabi.movies.news
537,entertainment.marathi.movies.previews
538,entertainment.punjabi.movies.previews
539,fathers-day-2013
540,entertainment.events.kochi
541,passport-pangs
542,entertainment.bhojpuri.movies.news
543,top-news-of-2012
544,entertainment.events.lucknow
545,entertainment.events.patna
546,raksha-bandhan-2013
547,entertainment.malayalam.movies.did-you-know
548,friendship-day-2012
549,times-view
550,janmashtami-2013
551,life-style.relationships.pets
552,eid-ul-fitr
553,entertainment.events.nagpur
554,entertainment.events.chandigarh
555,entertainment.events.bhubaneswar
556,mocktale
557,gujarat-assembly-elections
558,navaratra-2013
559,himachal-pradesh-assembly-elections
560,the-himalayan-blunder
561,entertainment.punjabi.movies.did-you-know
562,entertainment.events.ranchi
563,education
564,entertainment.tamil.movies
565,entertainment.events.ahmedabad
566,entertainment.events.pune
567,sports.more-sports
568,city.raipur
569,city.visakhapatnam
570,sports.hockey.hockey-india-league
571,entertainment.bhojpuri.movies.did-you-know
572,user-generated
573,good-day-good-news
574,entertainment.events.indore
575,2013-the-year-sachin-bids-adieu.football-2013
576,entertainment.marathi.movies.did-you-know
577,sports.hockey.hockey-india-league.interviews
578,toi-social-impact-awards-2013
579,entertainment.events.bhopal
580,get-healthy-get-fit
581,2013-the-year-sachin-bids-adieu.tennis-2013
582,entertainment.events.varanasi
583,vday-articles
584,health-news-corner
585,articles
586,health-case-studies
587,entertainment.events.aurangabad
588,entertainment.events.kolhapur
589,city.kolhapur
590,poll-pourri
591,vote-maadi
592,entertainment.events.jaipur
593,life-style.health-fitness.de-stress
594,ballot-talk
595,indian-badminton-league
596,tv.news.bengali
597,assembly-elections-2013.chhattisgarh-assembly-elections
598,entertainment.kannada.movies
599,sports.football.indian-super-league.interviews
600,entertainment.bengali.music
601,entertainment.bengali.theatre
602,sports.football.epl.club-profiles.profiles
603,assembly-elections-2013.rajasthan-assembly-elections
604,city.navimumbai
605,assembly-elections-2013.mizoram-assembly-elections
606,assembly-elections-2013.delhi-assembly-elections
607,business.mf-simplified.faq
608,business.mf-simplified.jargon-busters.equity
609,business.mf-simplified.jargon-busters.debt
610,assembly-elections-2013.madhya-pradesh-assembly-elections
611,entertainment.hindi.theatre
612,city.trichy
613,city.puducherry
614,entertainment.events.kanpur
615,tv.news.kannada
616,entertainment.bengali.movies
617,entertainment.malayalam.music
618,entertainment.kannada.music
619,delhi-ncr
620,tv.news.telugu
621,sports.football.world-cup-2014.interviews
622,sports.football.world-cup-2014
623,2013-the-year-sachin-bids-adieu.more-sports-2013
624,tv.trade-news.hindi
625,tv.news.malayalam
626,tv.news.marathi
627,entertainment.tamil.music
628,entertainment.kannada.theatre
629,tv.news.tamil
630,entertainment.marathi.movies
631,entertainment.english.music.news
632,entertainment.marathi.music
633,tv.news.english
634,sports.football.2017-u-17-world-cup
635,entertainment.marathi.theatre
636,2014-sochi-winter-olympics
637,entertainment.events.raipur
638,sports.racing.schumacher-battling-for-life
639,entertainment.gujarati.theatre
640,entertainment.telugu.music
641,entertainment.english.music.music-videos
642,entertainment.marathi
643,entertainment.english.music
644,commonwealth-games-2014.india-at-glasgow
645,entertainment.gujarati.music
646,entertainment.gujarati.movies.news
647,tv.news.gujarati
648,entertainment.kannada
649,sports.racing.f1-teams
650,entertainment.gujarati
651,asian-games-2014.india-at-incheon
652,entertainment.tamil
653,entertainment.events.gurgaon
654,tv.trade-news.marathi
655,pro-kabaddi-league
656,sports.hockey.hockey-world-cup-2014
657,tv.trade-news.kannada
658,world-environment-day
659,budget-2015.union-budget-2015
660,entertainment.hindi
661,tv.specials.kannada
662,sports.tennis.wimbledon-2014
663,life-style.food.quick-food
664,entertainment.punjabi.movies
665,budget-2015.politics-budget-2015
666,budget-2015.common-man
667,quickstir.red-hot
668,quickstir.lifestyle
669,budget-2015.rail-budget-2015
670,budget-2015.women
671,budget-2015.student
672,budget-2015.you-taxes-2015
673,budget-2015.economic-survey-2015
674,budget-2015.homemaker
675,quickstir.entertainment
676,commonwealth-games-2014.news
677,city.dehradun
678,sports.tennis.us-open-2014
679,entertainment.events.noida
680,commonwealth-games-2014.medals-tally
681,city.meerut
682,city.agra
683,sports.football.champions-league
684,asian-games-2014.sports
685,tv.trade-news.bengali
686,life-style.fashion.buzz
687,sports.icc-world-t20-2016
688,tv.trade-news.gujarati
689,red-hot
690,asian-games-2014.venues
691,asian-games-2014.news
692,home.specials.assembly-elections-2014.maharashtra-news
693,home.specials.assembly-elections-2014.haryana-news
694,asian-games-2014.medal-tally
695,tv.trade-news.tamil
696,life-style.food.bar-reviews
697,tv.trade-news.telugu
698,entertainment.malayalam
699,tv.trade-news.malayalam
700,life-style.relationships
701,entertainment.events.nashik
702,home.specials.2014-assembly-elections.jharkhand-news
703,home.specials.2014-assembly-elections.jammu-kashmir-news
704,entertainment.english.specials
705,life-style.health-fitness.every-heart-counts
706,sports.tennis.australian-open-2015
707,sports.hockey.champions-trophy-2014
708,entertainment.hindi.specials
709,sports.tennis.australian-open-2015.indian-challenge
710,uber-cab-rape-case
711,entertainment.english
712,entertainment.gujarati.movies
713,life-style.relationships.ask-the-expert
714,life-style.health-fitness.weight-loss
715,conversion.ghar-wapsi-complete-coverage
716,ranji-trophy
717,year-ender-2015.january
718,delhi-elections-2015
719,tv.news
720,mf-news
721,sports.tennis.australian-open-2015.interviews
722,life-style.food.food-features
723,education-fest.united-kingdom.stories
724,times-litfest-bengaluru-complete-coverage
725,year-ender-2015.february
726,sports.icc-world-t20-2016.interviews
727,budget-2015
728,corporate-espionage-in-ministries
729,television-highlights
730,swine-flu-outbreak-in-india
731,budget-2015.opinion
732,year-ender-2015.march
733,iit-bengaluru
734,life-style.relationships.soul-curry
735,toi-social-impact-awards-2015
736,aap-crisis
737,sports.ipl.news
738,sports.ipl.interviews
739,sports.ipl
740,glamour-the-game.stories
741,life-style.health-fitness.home-remedies
742,uttar-pradesh
743,air-pollution
744,west-bengal-ngo
745,karnatka
746,karnatka-ngo
747,gujarat-ngo
748,maharashtra
749,uttar-pradesh-ngo
750,tamil-nadu
751,west-bengal
752,centre
753,maharashtra-ngo
754,andhra-pradesh
755,gujarat
756,odisha
757,nepal-india-earthquake.opinion
758,madhya-pradesh-ngo
759,himachal-pradesh
760,haryana
761,bihar
762,uttarakhand
763,telangana
764,kerala
765,life-style.books.book-launches
766,india-business-news-wire
767,unsw.study-at-unsw
768,city.vijayawada
769,chattisgarh
770,entertainment.telugu.movies
771,entertainment.telugu
772,entertainment.bengali
773,bihar-assembly-polls
774,sports.football.copa-america-2015
775,preeti-shenoy
776,entertainment.malayalam.movies
777,it-services-news-wire
778,life-style.books.interviews
779,city.jamshedpur
780,tech-news-news-wire
781,city.imphal
782,city.shillong
783,city.amritsar
784,city.shimla
785,city.cuttack
786,city.jind
787,city.agartala
788,city.jammu
789,city.faridabad
790,city.srinagar
791,city.salem
792,city.rajahmundry
793,home.infographics
794,city.erode
795,lifespan-news
796,sports.football.indian-super-league.team-profiles
797,elections.bihar-elections-2015.news
798,elections.bihar-elections-2015.news-coverage
799,home.auto
800,timeline
801,litfest.litfest-delhi.news
802,venture-capital
803,trend-tracking
804,popular-shows
805,questions-and-answers
806,everything-you-need-to-know
807,companies
808,auto.miscellaneous
809,year-ender-2015.december
810,times-news-radio
811,sports.india-in-australia
812,life-style.books.reviews
813,deep.pathankot-terrorist-attack.questions-and-answers
814,life-style.relationships.love-sex
815,auto.cars
816,auto.launches
817,life-style.travel
818,life-style.listen-to-your-sugar
819,sports.sri-lanka-in-india
820,sports.2016-asia-cup
821,city.ghaziabad
822,city.itanagar
823,sports.tennis.french-open-2016
824,city.ajmer
825,city.kohima
826,city.gaya
827,city.jodhpur
828,sports.india-in-zimbabwe-2016
829,sports.tennis.wimbledon-2016
830,sports.india-in-west-indies-2016
831,sports.rio-2016-olympics.india-in-olympics-2016.tennis
832,sports.rio-2016-olympics.news
833,sports.rio-2016-olympics.india-in-olympics-2016.athletics
834,sports.rio-2016-olympics.india-in-olympics-2016.wrestling
835,sports.rio-2016-olympics.news.golf
836,sports.rio-2016-olympics.profiles.athletics
837,sports.rio-2016-olympics.news.wrestling
838,sports.rio-2016-olympics.india-in-olympics-2016.hockey
839,sports.rio-2016-olympics.news.miscellaneous
840,sports.rio-2016-olympics.india-in-olympics-2016.golf
841,sports.rio-2016-olympics.news.volleyball
842,sports.rio-2016-olympics.news.athletics
843,sports.rio-2016-olympics.news.tennis
844,sports.rio-2016-olympics.news.football
845,sports.rio-2016-olympics.india-in-olympics-2016.badminton
846,sports.rio-2016-olympics.news.canoe-kayak
847,sports.rio-2016-olympics.news.hockey
848,sports.rio-2016-olympics.news.cycling
849,city.udaipur
850,sports.rio-2016-olympics.news.aquatics
851,sports.rio-2016-olympics.news.badminton
852,sports.rio-2016-olympics.news.gymnastics
853,sports.rio-2016-olympics.news.boxing
854,sports.rio-2016-olympics.news.basketball
855,sports.rio-2016-olympics.news.judo
856,sports.rio-2016-olympics.news.archery
857,sports.rio-2016-olympics.news.sailing
858,sports.rio-2016-olympics.news.shooting
859,sports.rio-2016-olympics.india-in-olympics-2016.shooting
860,sports.rio-2016-olympics.india-in-olympics-2016.gymnastics
861,sports.rio-2016-olympics.profiles.mens-hockey
862,sports.rio-2016-olympics.news.weightlifting
863,sports.rio-2016-olympics.india-in-olympics-2016.archery
864,sports.rio-2016-olympics.india-in-olympics-2016.boxing
865,life-style-landing.health-fitness.health-news
866,sports.tennis.us-open-2016
867,life-style.health-fitness.homeopathy
868,sports.cricket.pakistan-v-west-indies
869,sports.cricket.south-africa-in-australia
870,sports.football.under-17-world-cup.news
871,sports.cricket.england-in-india-2016
872,city.amaravati
873,sports.cricket.england-in-bangladesh
874,sports.cricket.australia-in-india
875,sports.cricket.pakistan-in-australia
876,sports.cricket.pakistan-in-new-zealand
877,sports.cricket.new-zealand-in-australia
878,sports.cricket.bangladesh-in-new-zealand
879,sports.yearender-2016
880,sports.cricket
881,sports.cricket.sri-lanka-in-south-africa
882,brandwire.technology.internet-apps
883,elections.assembly-elections.uttar-pradesh.news
884,elections.news
885,elections.assembly-elections.goa
886,elections.assembly-elections.uttar-pradesh
887,elections.assembly-elections.punjab.news
888,elections.assembly-elections.goa.news
889,elections.assembly-elections.uttarakhand.news
890,elections.assembly-elections.punjab
891,elections.assembly-elections.manipur.news
892,sports.cricket.bangladesh-in-india
893,sports.tennis.australian-open-2017
894,entertainment.telugu.movies.box-office
895,brandwire.services.education
896,elections.assembly-elections.uttar-pradesh.interactives
897,sports.cricket.australia-in-new-zealand
898,elections.interactives
899,brandwire.media-entertainment.newspapers-magazines-books
900,sports.cricket.sri-lanka-in-australia
901,sports.football.under-17-world-cup
902,sports.cricket.pakistan-in-west-indies
903,sports.tennis.french-open-2017
904,sports.cricket.india-in-sri-lanka
905,sports.tennis.wimbledon-2017
906,sports.cricket.india-in-west-indies
907,sports.cricket.south-africa-in-england
908,sports.cricket.icc-womens-world-cup-2017
909,citizen.stories
910,sports.cricket.india-domestic
911,sports.pro-kabaddi-league
912,sports.cricket.australia-in-bangladesh
913,sports.cricket.west-indies-in-england
914,sports.cricket.sri-lanka-in-pakistan
915,sports.cricket.bangladesh-in-south-africa
916,sports.cricket.new-zealand-in-india
917,sports.football.2017-u-17-world-cup.news
918,elections.assembly-elections.gujarat
919,elections.assembly-elections.himachal-pradesh
920,business.faqs.aadhar-faqs
921,sports.tennis.australian-open-2018
922,sports.cricket.u-19-world-cup
923,humour.social-humour
924,viral-news
925,humour.third-edit
926,auto.bikes
927,sports.nfl.news
928,sports.cricket.england-in-new-zealand
929,humour.mocktale
930,sports.cricket.australia-in-south-africa
931,spirituality.https.timesofindia-speakingtree-in.article
932,spirituality.https.timesofindia-speakingtree-in.allslides
933,sports.expert-column.sunil-gavaskar
934,sports.winter-olympics
935,sports.cricket.india-in-england
936,sports.commonwealth-games
937,sports.cricket.india-sri-lanka-bangladesh-tri-series
938,sports.cricket.world-cup-qualifiers
939,sports.tennis.top-stories.tennis-atp
940,auto.reviews
941,business.faqs.gst-faqs
942,sports.cricket.pakistan-in-england
943,sports.football.fifa-world-cup
944,sports.cricket.afghanistan-tour-of-india
945,sports.tennis.french-open-2018
946,sports.cricket.sri-lanka-in-west-indies
947,sports.tennis.french-open
948,sports.cricket.australia-in-england
949,sports.tennis.wimbledon-2018
950,sports.tennis.us-open-2018
951,business.faqs.income-tax-faqs
952,sports.cricket.bangladesh-in-west-indies
953,life-style.food-news
954,sports.cricket.south-africa-in-sri-lanka
955,sports.asian-games-2018
956,sports.asian-games
957,best-products.electronics.headphones
958,best-products.electronics.cameras
959,best-products.fashion.accessories
960,best-products.fashion.footwear
961,fight-dengue.news
962,best-products.todays-deals.paytm-mall
963,best-products.mobile-phones
964,best-products.beauty.skin-care
965,elections.assembly-elections.mizoram
966,best-products.fashion.womens-fashion
967,best-products.amazon-deals
968,best-products.gift-ideas
969,gaming
970,sports.cricket.asia-cup
971,elections.assembly-elections.telangana
972,sports.cricket.west-indies-in-india
973,best-products.beauty.grooming
974,life-style.parenting.ask-the-expert
975,elections.assembly-elections.rajasthan
976,best-products.beauty.makeup-tips
977,life-style.parenting.moments
978,life-style.parenting.getting-pregnant
979,life-style.parenting.toddler-year-and-beyond
980,elections.assembly-elections.madhya-pradesh
981,elections.assembly-elections.chhattisgarh
982,best-products.fashion.mens-fashion
983,best-products.home-decor-and-garden.living-room-decor
984,sports.hockey.hockey-world-cup
985,sports.cricket.india-in-australia
986,best-products.kitchen-and-dining.small-appliances
987,life-style.parenting.teen
988,sports.cricket.icc-womens-world-t20
989,politics.news
990,politics.politics-specials
991,sports.tennis.australian-open
992,life-style.parenting.pregnancy
993,sports.cricket.sri-lanka-in-new-zealand
994,politics
995,elections.assembly-elections.andhra-pradesh
996,elections.assembly-elections.odisha
997,sports.cricket.india-in-new-zealand
998,elections.lok-sabha-elections-2019.gujarat.news
999,elections.lok-sabha-elections-2019.andhra-pradesh.news
1000,sports.cricket.icc-world-cup
1001,elections.lok-sabha-elections-2019.odisha.news
1002,elections.lok-sabha-elections-2019.uttar-pradesh.news
1003,elections.lok-sabha-elections-2019.jammu-and-kashmir.news
1004,elections.lok-sabha-elections-2019.tamil-nadu.news
1005,elections.lok-sabha-elections-2019.bihar.news
1006,elections.lok-sabha-elections-2019.madhya-pradesh.news
1007,elections.lok-sabha-elections-2019.maharashtra.news
1008,elections.lok-sabha-elections-2019.karnataka.news
1009,elections.lok-sabha-elections-2019.rajasthan.news
1010,elections.lok-sabha-elections-2019.west-bengal.news
1011,elections.lok-sabha-elections-2019.telangana.news
1012,elections.lok-sabha-elections-2019.delhi.news
1013,elections.lok-sabha-elections-2019.uttarakhand.news
1014,elections.lok-sabha-elections-2019.assam.news
1015,elections.lok-sabha-elections-2019.kerala.news
1016,elections.lok-sabha-elections-2019.goa.news
1017,elections.lok-sabha-elections-2019.jharkhand.news
1018,elections.lok-sabha-elections-2019.punjab.news
1019,elections.lok-sabha-elections-2019.himachal-pradesh.news
1020,elections.lok-sabha-elections-2019.chandigarh.news
1021,elections.lok-sabha-elections-2019.haryana.news
1022,elections.lok-sabha-elections-2019
1023,elections.lok-sabha-elections-2019.tripura.news
1024,elections.lok-sabha-elections-2019.uttar-pradesh
1025,elections.lok-sabha-elections-2019.west-bengal
1026,elections.lok-sabha-elections-2019.punjab
1027,elections.lok-sabha-elections-2019.haryana
1028,elections.lok-sabha-elections-2019.chandigarh
1029,astrology.rituals-puja
1030,sports.cricket.icc-world-cup.teams.south-africa.news
1031,sports.cricket.icc-world-cup.teams.india
1032,sports.cricket.icc-world-cup.teams.england
1033,sports.cricket.icc-world-cup.teams.australia.news
1034,sports.cricket.icc-world-cup.teams.england.news
1035,sports.cricket.icc-world-cup.teams.west-indies.news
1036,sports.cricket.icc-world-cup.teams.new-zealand.news
1037,sports.cricket.icc-world-cup.teams.sri-lanka.news
1038,sports.cricket.icc-world-cup.teams.pakistan.news
1039,sports.cricket.icc-world-cup.player-of-the-day
1040,sports.tennis.wimbledon-2019
1041,spotlight
1042,astrology.hindu-mythology
1043,most-searched-products.todays-deals.amazon
1044,world.us.india-and-us
1045,world.us.us-and-world
1046,world.us.gun-violence-and-crimes
1047,sports.tennis.us-open-2019
1048,sports.cricket.south-africa-in-india
1049,sports.cricket.icc-world-test-championship
1050,sports.tokyo-olympics
1051,times-fact-check.news
1052,elections.assembly-elections.haryana
1053,elections.assembly-elections.maharashtra
1054,most-searched-products.health-and-fitness.health-care
1055,world.us.us-presidential-elections
1056,elections.assembly-elections.jharkhand
1057,sports.pti-sports-feed
1058,elections.assembly-elections.delhi-assembly-elections
1059,elections.assembly-elections.delhi
1060,life-style.coronavirus
